inventory_id,item_no,item_name,current_balance,last_transaction_id,transaction_type,quantity,ledger_balance,difference,created_at,updated_at,reason
259,196,Mirror,4,5808,DEDUCTION,1,347,-343,2025-11-25,"2025-12-03 09:52:02","Common Supplies"
342,279,"Thumbtacks (Small)",270,10996,ADDITION,25,0,270,2025-11-01,"2026-02-10 11:54:54","Common Supplies"
228,165,Lagaraw,0,5483,DEDUCTION,5,132,-132,2025-11-25,"2025-12-03 09:19:20","Common Supplies"
422,359,"Push pins",119,11314,ADDITION,100,0,119,2025-12-01,"2026-02-11 09:08:56","Common Supplies"
274,211,"Paper sticker - assorted color",86,10805,ADDITION,2,0,86,2025-11-01,"2026-02-10 11:54:39","Common Supplies"
419,356,"Fax paper",83,11317,ADDITION,100,0,83,2025-12-01,"2026-02-11 09:08:56","Common Supplies"
337,274,"Stapler long arm",4,6865,DEDUCTION,1,86,-82,2025-11-25,"2025-12-04 11:07:44","Common Supplies"
724,661,"ATF Premium Sae 24x1L",81,10336,ADDITION,10,0,81,2025-08-01,"2026-02-09 11:39:05","Common Supplies"
381,318,"Intermediate paper",73,11158,ADDITION,20,0,73,2025-12-01,"2026-02-11 08:40:20","Common Supplies"
532,469,"Disposable paper  cups  25\'s",0,2585,DEDUCTION,3,66,-66,2025-09-23,"2025-09-23 10:00:01","for makabuhay "
533,470,"Disposable spoon 100\'s",20,2587,DEDUCTION,11,81,-61,2025-09-23,"2025-09-23 10:05:22","Department Request"
449,386,"Folder long plastic orange",58,10776,ADDITION,21,0,58,2025-11-01,"2026-02-10 11:54:38","Common Supplies"
487,424,"Impeller JL 10 VJO7",10,5274,DEDUCTION,10,65,-55,2025-11-25,"2025-12-03 09:00:22","Common Supplies"
380,317,"Columnar book 16 col.",3,7776,DEDUCTION,1,55,-52,2025-11-25,"2025-12-05 10:30:33","Common Supplies"
236,173,"Ledger File",38,11301,ADDITION,50,0,38,2025-12-01,"2026-02-11 09:08:54","Common Supplies"
531,468,"Lunch  pack small 10\\\'s",0,2590,DEDUCTION,10,37,-37,2025-09-23,"2025-09-23 10:10:29","Department Request"
188,125,"Floorwax 900grms",32,10384,ADDITION,3,0,32,2025-10-01,"2026-02-09 11:47:54","Common Supplies"
516,453,"Ribbon Ref. epson ",74,5418,DEDUCTION,1,43,31,2025-11-11,"2025-12-03 09:15:26","Common Supplies"
440,377,Plate,30,11228,ADDITION,20,0,30,2025-12-01,"2026-02-11 08:40:28","Common Supplies"
324,261,"Specialty Board (plain) 250gsm, Short, 10s (White)",29,10972,ADDITION,10,0,29,2025-11-01,"2026-02-10 11:54:51","Common Supplies"
490,427,"ice wraffer",8,5355,DEDUCTION,2,30,-22,2025-11-25,"2025-12-03 09:02:03","Common Supplies"
576,513,"PVC Coupling 2",1,4543,DEDUCTION,1,22,-21,2025-11-25,"2025-11-25 11:30:16","Common Supplies"
213,150,"HP GT52 yellow ink",19,10468,ADDITION,25,0,19,2025-12-01,"2026-02-09 11:55:08","Common Supplies"
330,267,"Stamp pad ink (red)",17,10965,ADDITION,7,0,17,2025-11-01,"2026-02-10 11:54:50","Common Supplies"
360,297,"Trash bin with roller 240 liters cap.",17,11044,ADDITION,25,0,17,2025-11-01,"2026-02-10 11:59:36","Common Supplies"
431,368,Cup,17,11312,ADDITION,100,0,17,2025-12-01,"2026-02-11 09:08:55","Common Supplies"
220,157,"ink #60 colored",49,5211,DEDUCTION,1,65,-16,2025-11-25,"2025-12-03 08:55:15","Common Supplies"
387,324,"Ink Refill for marking pen permanent red",76,956,DEDUCTION,1,92,-16,2025-08-12,"2025-08-12 14:38:15",motorpol
232,169,"LC-565 XSL Printer Ink Cartridge Black",14,10504,ADDITION,1,0,14,2025-12-01,"2026-02-10 08:45:02","Common Supplies"
384,321,"Ink Refill for marking pen whiteboard red",24,1628,DEDUCTION,1,10,14,2025-08-28,"2025-08-28 12:14:23","COMMON USE SUPPLY"
450,387,"Folder long expanded thick - red",14,10783,ADDITION,25,0,14,2025-11-01,"2026-02-10 11:54:38","Common Supplies"
278,215,"Paste in jars with spreader",49,3089,DEDUCTION,6,36,13,2025-10-10,"2025-10-10 13:41:48","COMMON USE SUPPLY"
212,149,"HP GT52 magenta ink",12,10456,ADDITION,5,0,12,2025-12-01,"2026-02-09 11:55:05","Common Supplies"
234,171,"LC-565 XSL Printer Ink Cartridge Magenta",11,10512,ADDITION,1,0,11,2025-12-01,"2026-02-10 08:46:22","Common Supplies"
138,75,"Cotton balls 50's",11,10337,ADDITION,30,0,11,2025-08-01,"2026-02-09 11:39:05","Common Supplies"
340,277,"Table Napkin (soft quality)",10,10988,ADDITION,25,0,10,2025-11-01,"2026-02-10 11:54:53","Common Supplies"
383,320,"Ink Refill for marking pen whiteboard blue",41,1627,DEDUCTION,1,31,10,2025-08-28,"2025-08-28 12:14:23","COMMON USE SUPPLY"
435,372,"Metal tray",10,10847,ADDITION,1,0,10,2025-10-01,"2026-02-10 11:54:42","Common Supplies"
214,151,"Hp Toner 126A Black",9,10484,ADDITION,25,0,9,2025-12-01,"2026-02-09 11:55:11","Common Supplies"
534,471,"Disposable fork  100\'s",20,2589,DEDUCTION,2,11,9,2025-09-23,"2025-09-23 10:07:16","Department Request"
170,107,"Envelope mailing white, short",0,13682,ADDITION,8,8,-8,2026-06-08,"2026-06-16 14:38:49","New Purchase"
224,161,"Ink for Brother DCP T-300 yellow",0,5369,DEDUCTION,1,8,-8,2025-11-04,"2025-12-03 09:06:19","Common Supplies"
375,312,"Adding machine ",8,11143,ADDITION,20,0,8,2025-12-01,"2026-02-11 08:40:19","Common Supplies"
71,8,"Ballpen green",68,4015,ADDITION,60,60,8,2025-06-30,"2025-11-17 16:54:20","Supplier Delivery"
365,302,"whiteboard 2x4ft     (12X18)",7,11062,ADDITION,1,0,7,2025-10-01,"2026-02-10 11:59:38","Common Supplies"
525,462,"tape Dispenser 2'",7,11123,ADDITION,60,0,7,2025-12-01,"2026-02-11 08:40:17","Common Supplies"
219,156,"ink #60 black combo",4,5052,DEDUCTION,3,10,-6,2025-11-18,"2025-11-25 11:50:09","Common Supplies"
235,172,"LC-565 XSL Printer Ink Cartridge Yellow",6,11299,ADDITION,100,0,6,2025-12-01,"2026-02-11 09:08:54","Common Supplies"
313,250,"Shoes glue",6,10900,ADDITION,25,0,6,2025-11-01,"2026-02-10 11:54:47","Common Supplies"
367,304,"Whiteboard 4x6ft",4,11118,ADDITION,1,0,4,2025-12-01,"2026-02-11 08:40:16","Common Supplies"
492,429,"Drum  Cartrige  ",4,10492,ADDITION,1,0,4,2025-12-01,"2026-02-10 08:45:01","Common Supplies"
217,154,"Hp Toner 126A Yellow",0,5230,DEDUCTION,2,3,-3,2025-11-18,"2025-12-03 08:57:51","Common Supplies"
229,166,"Laminating Film  100\'s (250microns)",2,13696,ADDITION,5,5,-3,2026-06-08,"2026-06-16 15:18:06","New Purchase"
233,170,"LC-565 XSL Printer Ink Cartridge Cyan",0,5529,DEDUCTION,1,3,-3,2025-11-18,"2025-12-03 09:23:59","Common Supplies"
446,383,"Folder short - blue",2,10798,ADDITION,5,0,2,2025-11-01,"2026-02-10 11:54:39","Common Supplies"
230,167,"Laminating machine A3",1,10500,ADDITION,1,0,1,2025-12-01,"2026-02-10 08:45:02","Common Supplies"
436,373,Knife,0,6288,DEDUCTION,1,1,-1,2025-11-25,"2025-12-04 09:47:36","Common Supplies"
439,376,"Chopping board",1,10893,ADDITION,25,0,1,2025-11-01,"2026-02-10 11:54:46","Common Supplies"
505,442,"Ineo +226/266 Cyan",1,11113,ADDITION,24,0,1,2025-12-01,"2026-02-11 08:40:16","Common Supplies"
506,443,"Ineo +226/266 yelow",1,10496,ADDITION,1,0,1,2025-12-01,"2026-02-10 08:45:01","Common Supplies"
545,482,"Firefly 14W Led Lamp ",1,443,DEDUCTION,2,0,1,2025-07-10,"2025-07-10 15:38:10","Department Request"
1091,681,testing2,26,49,DEDUCTION,1,25,1,2025-06-19,"2025-06-19 11:05:05","Office Supply"
142,79,"Cutter paper heavy duty",1,10342,ADDITION,40,0,1,2025-08-01,"2026-02-09 11:43:19","Common Supplies"
